testCaseId,faulty,faultyReason,fulfillsDependencies,operationId,path,httpMethod,inputContentType,outputContentType,headerParameters,pathParameters,queryParameters,formParameters,bodyParameter
test_qdsqo5zghgf9_youtubecommentThreadslist,false,null,true,youtube.commentThreads.list,/youtube/v3/commentThreads,GET,application/json,application/json,,,maxResults=73;part=replies%2Cid;moderationStatus=likelySpam;videoId=7m-NPuXPBqM;id=UgyyScM63hUgS_x7IXp4AaABAg;channelId=UCYfdidRxbB8Qhf0Nx7ioOYw;,,
test_qeexz10xdsmq_youtubecommentThreadslist,false,null,true,youtube.commentThreads.list,/youtube/v3/commentThreads,GET,application/json,application/json,,,searchTerms=dingdong;allThreadsRelatedToChannelId=UClgRkhTL3_hImCAmdLfDE4g;part=replies;videoId=eVIozKR9p50;id=UgzhMIgtuhjemzfoObp4AaABAg;,,
test_1hbit9kqj8ks6_youtubecommentThreadslist,false,null,true,youtube.commentThreads.list,/youtube/v3/commentThreads,GET,application/json,application/json,,,maxResults=80;allThreadsRelatedToChannelId=UCYfdidRxbB8Qhf0Nx7ioOYw;part=replies%2Cid%2Csnippet;channelId=UC-9-kyTW8ZkZNDHQJ6FgpwQ;textFormat=textFormatUnspecified;,,
test_1k1zjobgimesm_youtubecommentThreadslist,false,null,true,youtube.commentThreads.list,/youtube/v3/commentThreads,GET,application/json,application/json,,,maxResults=64;part=snippet;moderationStatus=likelySpam;videoId=yDgLFOxnQ8Y;channelId=UCEgdi0XIXXZ-qJOFPf4JSKw;,,
test_t4yy5kwsrjom_youtubecommentThreadslist,false,null,true,youtube.commentThreads.list,/youtube/v3/commentThreads,GET,application/json,application/json,,,maxResults=98;part=id;moderationStatus=heldForReview;channelId=UClzCn8DxRSCuMFv_WfzkcrQ;,,
test_qhw4z5ncwdva_youtubecommentThreadslist,false,null,true,youtube.commentThreads.list,/youtube/v3/commentThreads,GET,application/json,application/json,,,searchTerms=fastest;maxResults=2;allThreadsRelatedToChannelId=UC-9-kyTW8ZkZNDHQJ6FgpwQ;part=id;channelId=UCJ0uqCI0Vqr2Rrt1HseGirg;,,
test_ubgdq3qji5v6_youtubecommentThreadslist,false,null,true,youtube.commentThreads.list,/youtube/v3/commentThreads,GET,application/json,application/json,,,maxResults=65;part=snippet;videoId=5kUu97Vkwj4;id=UgxV04sD52Jtp3rdyPt4AaABAg;channelId=UC-9-kyTW8ZkZNDHQJ6FgpwQ;order=relevance;textFormat=textFormatUnspecified;,,
test_r1a3h4t9g40x_youtubecommentThreadslist,false,null,true,youtube.commentThreads.list,/youtube/v3/commentThreads,GET,application/json,application/json,,,searchTerms=sheepishly;allThreadsRelatedToChannelId=UClgRkhTL3_hImCAmdLfDE4g;part=replies;moderationStatus=rejected;id=UgxTcmK3y_EbkhECsWZ4AaABAg;textFormat=html;,,
test_rl8exu8fx260_youtubecommentThreadslist,false,null,true,youtube.commentThreads.list,/youtube/v3/commentThreads,GET,application/json,application/json,,,searchTerms=unreproducibly;maxResults=14;part=id%2Csnippet%2Creplies;order=orderUnspecified;textFormat=html;,,
test_qxtvji11h6wg_youtubecommentThreadslist,false,null,true,youtube.commentThreads.list,/youtube/v3/commentThreads,GET,application/json,application/json,,,searchTerms=confoundedly;maxResults=92;part=snippet;moderationStatus=rejected;videoId=7m-NPuXPBqM;textFormat=plainText;,,
test_1huzz27m01mic_youtubecommentThreadslist,false,null,true,youtube.commentThreads.list,/youtube/v3/commentThreads,GET,application/json,application/json,,,searchTerms=nonviolently;allThreadsRelatedToChannelId=UCCj956IF62FbT7Gouszaj9w;part=snippet%2Creplies;moderationStatus=rejected;videoId=eVIozKR9p50;textFormat=plainText;,,
test_rkwsql3zaqna_youtubecommentThreadslist,false,null,true,youtube.commentThreads.list,/youtube/v3/commentThreads,GET,application/json,application/json,,,searchTerms=dutifully;maxResults=38;allThreadsRelatedToChannelId=UCYfdidRxbB8Qhf0Nx7ioOYw;part=snippet;moderationStatus=likelySpam;order=relevance;,,
test_1jett5eeiul44_youtubecommentThreadslist,false,null,true,youtube.commentThreads.list,/youtube/v3/commentThreads,GET,application/json,application/json,,,searchTerms=volumetrically;part=replies;moderationStatus=likelySpam;videoId=TUJWx7vo44c;order=time;,,
test_t81cg0u2nqsh_youtubecommentThreadslist,false,null,true,youtube.commentThreads.list,/youtube/v3/commentThreads,GET,application/json,application/json,,,searchTerms=dauntingly;maxResults=1;allThreadsRelatedToChannelId=UC-9-kyTW8ZkZNDHQJ6FgpwQ;part=id%2Creplies;id=UgxV04sD52Jtp3rdyPt4AaABAg;textFormat=html;,,
test_1hrjr4z1fjupj_youtubecommentThreadslist,false,null,true,youtube.commentThreads.list,/youtube/v3/commentThreads,GET,application/json,application/json,,,maxResults=98;part=id;moderationStatus=published;videoId=7m-NPuXPBqM;,,
test_1iyey028idjdv_youtubecommentThreadslist,false,null,true,youtube.commentThreads.list,/youtube/v3/commentThreads,GET,application/json,application/json,,,searchTerms=unenthusiastically;maxResults=93;part=snippet%2Cid;moderationStatus=rejected;videoId=TUJWx7vo44c;order=time;,,
test_sl9hw3hw4h12_youtubecommentThreadslist,false,null,true,youtube.commentThreads.list,/youtube/v3/commentThreads,GET,application/json,application/json,,,searchTerms=portentously;maxResults=33;allThreadsRelatedToChannelId=UClgRkhTL3_hImCAmdLfDE4g;part=id;channelId=UCCj956IF62FbT7Gouszaj9w;textFormat=plainText;,,
test_r17a29wwng34_youtubecommentThreadslist,false,null,true,youtube.commentThreads.list,/youtube/v3/commentThreads,GET,application/json,application/json,,,searchTerms=oftener;allThreadsRelatedToChannelId=UCEgdi0XIXXZ-qJOFPf4JSKw;part=replies%2Csnippet%2Cid;order=time;,,
test_qecncc2784dv_youtubecommentThreadslist,false,null,true,youtube.commentThreads.list,/youtube/v3/commentThreads,GET,application/json,application/json,,,maxResults=17;part=replies;moderationStatus=rejected;videoId=5kUu97Vkwj4;order=relevance;textFormat=textFormatUnspecified;,,
test_1jel12dnc5cfn_youtubecommentThreadslist,false,null,true,youtube.commentThreads.list,/youtube/v3/commentThreads,GET,application/json,application/json,,,maxResults=76;allThreadsRelatedToChannelId=UCvosUrZ7hXpzAyobhfztg4w;part=replies;id=Ugw7orsAQ51p8dJD5Bx4AaABAg;channelId=UCEgdi0XIXXZ-qJOFPf4JSKw;,,
test_vf1e7vn8z0vk_youtubecommentThreadslist,false,null,true,youtube.commentThreads.list,/youtube/v3/commentThreads,GET,application/json,application/json,,,searchTerms=fabulously;part=snippet%2Creplies%2Cid;channelId=UC-9-kyTW8ZkZNDHQJ6FgpwQ;order=orderUnspecified;,,
test_1iyns3rao8spx_youtubecommentThreadslist,false,null,true,youtube.commentThreads.list,/youtube/v3/commentThreads,GET,application/json,application/json,,,part=snippet;moderationStatus=likelySpam;videoId=n8I-YVuaSR0;order=relevance;,,
test_1hrggndrbogv6_youtubecommentThreadslist,false,null,true,youtube.commentThreads.list,/youtube/v3/commentThreads,GET,application/json,application/json,,,searchTerms=spectacularly;maxResults=23;allThreadsRelatedToChannelId=UClgRkhTL3_hImCAmdLfDE4g;part=snippet;videoId=5kUu97Vkwj4;channelId=UClzCn8DxRSCuMFv_WfzkcrQ;textFormat=textFormatUnspecified;,,
test_soccsnls9nw8_youtubecommentThreadslist,false,null,true,youtube.commentThreads.list,/youtube/v3/commentThreads,GET,application/json,application/json,,,allThreadsRelatedToChannelId=UCEgdi0XIXXZ-qJOFPf4JSKw;part=id%2Csnippet%2Creplies;videoId=yuD34tEpRFw;order=relevance;textFormat=html;,,
test_qxg07tbuf23n_youtubecommentThreadslist,false,null,true,youtube.commentThreads.list,/youtube/v3/commentThreads,GET,application/json,application/json,,,maxResults=68;allThreadsRelatedToChannelId=UClgRkhTL3_hImCAmdLfDE4g;part=id;videoId=yuD34tEpRFw;channelId=UC-9-kyTW8ZkZNDHQJ6FgpwQ;order=orderUnspecified;,,
test_u7p2s08121ix_youtubecommentThreadslist,false,null,true,youtube.commentThreads.list,/youtube/v3/commentThreads,GET,application/json,application/json,,,searchTerms=grammatically;part=replies%2Cid;moderationStatus=likelySpam;channelId=UCvosUrZ7hXpzAyobhfztg4w;textFormat=plainText;,,
test_1jyjbd3eiojtu_youtubecommentThreadslist,false,null,true,youtube.commentThreads.list,/youtube/v3/commentThreads,GET,application/json,application/json,,,searchTerms=therewithal;maxResults=8;part=snippet%2Creplies%2Cid;moderationStatus=likelySpam;order=time;textFormat=textFormatUnspecified;,,
test_rl2b6trt652o_youtubecommentThreadslist,false,null,true,youtube.commentThreads.list,/youtube/v3/commentThreads,GET,application/json,application/json,,,allThreadsRelatedToChannelId=UCDwjiSF4qEb3aeT3ZLkPc_Q;part=snippet%2Creplies%2Cid;moderationStatus=published;videoId=yDgLFOxnQ8Y;channelId=UClgRkhTL3_hImCAmdLfDE4g;,,
test_1hrud08lkyn8x_youtubecommentThreadslist,false,null,true,youtube.commentThreads.list,/youtube/v3/commentThreads,GET,application/json,application/json,,,maxResults=15;part=replies%2Cid%2Csnippet;moderationStatus=heldForReview;channelId=UClzCn8DxRSCuMFv_WfzkcrQ;,,
test_1jyoulf08xpia_youtubecommentThreadslist,false,null,true,youtube.commentThreads.list,/youtube/v3/commentThreads,GET,application/json,application/json,,,maxResults=15;allThreadsRelatedToChannelId=UCMtFAi84ehTSYSE9XoHefig;part=snippet%2Cid%2Creplies;moderationStatus=published;id=Ugx1AZtPUKL7ZAxswUB4AaABAg;textFormat=html;,,
test_1ibjvree170vo_youtubecommentThreadslist,false,null,true,youtube.commentThreads.list,/youtube/v3/commentThreads,GET,application/json,application/json,,,allThreadsRelatedToChannelId=UCDwjiSF4qEb3aeT3ZLkPc_Q;part=snippet%2Cid;moderationStatus=heldForReview;order=time;textFormat=plainText;,,
test_qxfj4uyn4cbm_youtubecommentThreadslist,false,null,true,youtube.commentThreads.list,/youtube/v3/commentThreads,GET,application/json,application/json,,,part=id;moderationStatus=heldForReview;id=UgxV04sD52Jtp3rdyPt4AaABAg;channelId=UC-9-kyTW8ZkZNDHQJ6FgpwQ;order=relevance;textFormat=textFormatUnspecified;,,
test_vf46ug06a0c2_youtubecommentThreadslist,false,null,true,youtube.commentThreads.list,/youtube/v3/commentThreads,GET,application/json,application/json,,,maxResults=37;part=id;channelId=UClzCn8DxRSCuMFv_WfzkcrQ;order=orderUnspecified;textFormat=plainText;,,
test_ubu6q3wd49iq_youtubecommentThreadslist,false,null,true,youtube.commentThreads.list,/youtube/v3/commentThreads,GET,application/json,application/json,,,searchTerms=immunologically;part=id%2Creplies;videoId=7m-NPuXPBqM;channelId=UCEgdi0XIXXZ-qJOFPf4JSKw;order=orderUnspecified;textFormat=html;,,
test_1iay6mu0okpcz_youtubecommentThreadslist,false,null,true,youtube.commentThreads.list,/youtube/v3/commentThreads,GET,application/json,application/json,,,allThreadsRelatedToChannelId=UCCj956IF62FbT7Gouszaj9w;part=replies%2Csnippet%2Cid;videoId=zZa8PFYtWr4;id=UgxTbR839IUuzmAe8XJ4AaABAg;order=time;,,
test_1iyq3whk7wh12_youtubecommentThreadslist,false,null,true,youtube.commentThreads.list,/youtube/v3/commentThreads,GET,application/json,application/json,,,maxResults=85;part=snippet%2Cid;moderationStatus=published;videoId=eVIozKR9p50;id=UgyyScM63hUgS_x7IXp4AaABAg;channelId=UCvosUrZ7hXpzAyobhfztg4w;,,
test_1ib9a4i034hth_youtubecommentThreadslist,false,null,true,youtube.commentThreads.list,/youtube/v3/commentThreads,GET,application/json,application/json,,,searchTerms=laughingly;maxResults=65;part=id%2Creplies;id=UgyR8TjvAmSACMJZyH14AaABAg;channelId=UCEgdi0XIXXZ-qJOFPf4JSKw;order=relevance;,,
test_1iyi8xys2p17o_youtubecommentThreadslist,false,null,true,youtube.commentThreads.list,/youtube/v3/commentThreads,GET,application/json,application/json,,,allThreadsRelatedToChannelId=UCYfdidRxbB8Qhf0Nx7ioOYw;part=snippet%2Creplies;moderationStatus=likelySpam;,,
test_1h7z9aqdfk3zl_youtubecommentThreadslist,false,null,true,youtube.commentThreads.list,/youtube/v3/commentThreads,GET,application/json,application/json,,,searchTerms=voyeuristically;allThreadsRelatedToChannelId=UCEgdi0XIXXZ-qJOFPf4JSKw;part=snippet;moderationStatus=rejected;videoId=9bZkp7q19f0;id=Ugx1AZtPUKL7ZAxswUB4AaABAg;channelId=UC-9-kyTW8ZkZNDHQJ6FgpwQ;textFormat=html;,,
test_1hbj8sg8eshnq_youtubecommentThreadslist,false,null,true,youtube.commentThreads.list,/youtube/v3/commentThreads,GET,application/json,application/json,,,allThreadsRelatedToChannelId=UCvosUrZ7hXpzAyobhfztg4w;part=id%2Csnippet%2Creplies;videoId=t22flliJLTQ;id=Ugx1AZtPUKL7ZAxswUB4AaABAg;textFormat=plainText;,,
test_u7u35h9k3lmh_youtubecommentThreadslist,false,null,true,youtube.commentThreads.list,/youtube/v3/commentThreads,GET,application/json,application/json,,,searchTerms=effusively;allThreadsRelatedToChannelId=UCCj956IF62FbT7Gouszaj9w;part=replies;videoId=TUJWx7vo44c;channelId=UCCj956IF62FbT7Gouszaj9w;order=orderUnspecified;textFormat=textFormatUnspecified;,,
test_1jy26s5lhujp0_youtubecommentThreadslist,false,null,true,youtube.commentThreads.list,/youtube/v3/commentThreads,GET,application/json,application/json,,,maxResults=33;allThreadsRelatedToChannelId=UClgRkhTL3_hImCAmdLfDE4g;part=replies;videoId=yDgLFOxnQ8Y;id=Ugx0dK2I1wPHnQoLx6V4AaABAg;channelId=UCYfdidRxbB8Qhf0Nx7ioOYw;textFormat=plainText;,,
test_r1a1g0onj0x1_youtubecommentThreadslist,false,null,true,youtube.commentThreads.list,/youtube/v3/commentThreads,GET,application/json,application/json,,,searchTerms=awhile;allThreadsRelatedToChannelId=UCDwjiSF4qEb3aeT3ZLkPc_Q;part=id;textFormat=html;,,
test_1h7j5r05az1va_youtubecommentThreadslist,false,null,true,youtube.commentThreads.list,/youtube/v3/commentThreads,GET,application/json,application/json,,,maxResults=80;allThreadsRelatedToChannelId=UC-9-kyTW8ZkZNDHQJ6FgpwQ;part=snippet%2Cid%2Creplies;videoId=n8I-YVuaSR0;id=UgxTbR839IUuzmAe8XJ4AaABAg;order=orderUnspecified;textFormat=plainText;,,
test_qy263796u6w6_youtubecommentThreadslist,false,null,true,youtube.commentThreads.list,/youtube/v3/commentThreads,GET,application/json,application/json,,,searchTerms=weekly;part=id;channelId=UClzCn8DxRSCuMFv_WfzkcrQ;textFormat=html;,,
test_skyd8bstu8o2_youtubecommentThreadslist,false,null,true,youtube.commentThreads.list,/youtube/v3/commentThreads,GET,application/json,application/json,,,searchTerms=ulteriorly;maxResults=36;allThreadsRelatedToChannelId=UCCj956IF62FbT7Gouszaj9w;part=id%2Csnippet;moderationStatus=rejected;videoId=eVIozKR9p50;order=relevance;textFormat=textFormatUnspecified;,,
test_1jecnq9rop6pc_youtubecommentThreadslist,false,null,true,youtube.commentThreads.list,/youtube/v3/commentThreads,GET,application/json,application/json,,,searchTerms=permanently;part=snippet%2Cid;moderationStatus=rejected;order=relevance;textFormat=plainText;,,
test_1hbgi6s1hgbxd_youtubecommentThreadslist,false,null,true,youtube.commentThreads.list,/youtube/v3/commentThreads,GET,application/json,application/json,,,searchTerms=jointly;allThreadsRelatedToChannelId=UCCj956IF62FbT7Gouszaj9w;part=id;order=orderUnspecified;textFormat=textFormatUnspecified;,,
test_1iuvj3c3ei99h_youtubecommentThreadslist,false,null,true,youtube.commentThreads.list,/youtube/v3/commentThreads,GET,application/json,application/json,,,searchTerms=awful;allThreadsRelatedToChannelId=UCEgdi0XIXXZ-qJOFPf4JSKw;part=id;moderationStatus=published;videoId=eVIozKR9p50;order=time;,,
test_s12tv0j16sdv_youtubecommentThreadslist,false,null,true,youtube.commentThreads.list,/youtube/v3/commentThreads,GET,application/json,application/json,,,searchTerms=perspicuously;allThreadsRelatedToChannelId=UCCj956IF62FbT7Gouszaj9w;part=replies%2Cid%2Csnippet;order=relevance;textFormat=plainText;,,
test_1jyg2fut88dv9_youtubecommentThreadslist,false,null,true,youtube.commentThreads.list,/youtube/v3/commentThreads,GET,application/json,application/json,,,maxResults=73;part=snippet%2Creplies%2Cid;channelId=UClgRkhTL3_hImCAmdLfDE4g;order=orderUnspecified;textFormat=plainText;,,
test_1jy7qbx8j62qt_youtubecommentThreadslist,false,null,true,youtube.commentThreads.list,/youtube/v3/commentThreads,GET,application/json,application/json,,,searchTerms=commendable;maxResults=88;part=id;moderationStatus=heldForReview;channelId=UCCj956IF62FbT7Gouszaj9w;,,
test_1jefgo6y7gdo4_youtubecommentThreadslist,false,null,true,youtube.commentThreads.list,/youtube/v3/commentThreads,GET,application/json,application/json,,,part=replies;videoId=eVIozKR9p50;id=UgxTbR839IUuzmAe8XJ4AaABAg;channelId=UC-9-kyTW8ZkZNDHQJ6FgpwQ;order=orderUnspecified;textFormat=plainText;,,
test_1hrj8qtw0anhg_youtubecommentThreadslist,false,null,true,youtube.commentThreads.list,/youtube/v3/commentThreads,GET,application/json,application/json,,,allThreadsRelatedToChannelId=UCEgdi0XIXXZ-qJOFPf4JSKw;part=snippet;moderationStatus=published;channelId=UC-9-kyTW8ZkZNDHQJ6FgpwQ;order=orderUnspecified;,,
test_to1rxk8wbwbp_youtubecommentThreadslist,false,null,true,youtube.commentThreads.list,/youtube/v3/commentThreads,GET,application/json,application/json,,,searchTerms=soundlessly;maxResults=93;allThreadsRelatedToChannelId=UCCj956IF62FbT7Gouszaj9w;part=id%2Csnippet;moderationStatus=rejected;videoId=5kUu97Vkwj4;id=Ugx0dK2I1wPHnQoLx6V4AaABAg;channelId=UCvosUrZ7hXpzAyobhfztg4w;,,
test_1ji26ts9u98oj_youtubecommentThreadslist,false,null,true,youtube.commentThreads.list,/youtube/v3/commentThreads,GET,application/json,application/json,,,searchTerms=contrariwise;maxResults=95;allThreadsRelatedToChannelId=UCDwjiSF4qEb3aeT3ZLkPc_Q;part=id%2Creplies%2Csnippet;id=UgyR8TjvAmSACMJZyH14AaABAg;channelId=UCMtFAi84ehTSYSE9XoHefig;,,
test_uvk81d6j64a8_youtubecommentThreadslist,false,null,true,youtube.commentThreads.list,/youtube/v3/commentThreads,GET,application/json,application/json,,,part=id%2Csnippet;moderationStatus=likelySpam;channelId=UCJ0uqCI0Vqr2Rrt1HseGirg;,,
test_rhdbi0imodo6_youtubecommentThreadslist,false,null,true,youtube.commentThreads.list,/youtube/v3/commentThreads,GET,application/json,application/json,,,maxResults=20;allThreadsRelatedToChannelId=UCMtFAi84ehTSYSE9XoHefig;part=replies;,,
test_rhtxftxnco55_youtubecommentThreadslist,false,null,true,youtube.commentThreads.list,/youtube/v3/commentThreads,GET,application/json,application/json,,,searchTerms=ventrally;allThreadsRelatedToChannelId=UClzCn8DxRSCuMFv_WfzkcrQ;part=id%2Csnippet;moderationStatus=published;videoId=eVIozKR9p50;id=Ugx1AZtPUKL7ZAxswUB4AaABAg;channelId=UClzCn8DxRSCuMFv_WfzkcrQ;textFormat=html;,,
test_qdybblrhzbjq_youtubecommentThreadslist,false,null,true,youtube.commentThreads.list,/youtube/v3/commentThreads,GET,application/json,application/json,,,searchTerms=parttime;maxResults=92;allThreadsRelatedToChannelId=UClzCn8DxRSCuMFv_WfzkcrQ;part=replies;id=UgyR8TjvAmSACMJZyH14AaABAg;channelId=UCYfdidRxbB8Qhf0Nx7ioOYw;textFormat=html;,,
test_1hrorwgts495y_youtubecommentThreadslist,false,null,true,youtube.commentThreads.list,/youtube/v3/commentThreads,GET,application/json,application/json,,,searchTerms=ravingly;maxResults=66;allThreadsRelatedToChannelId=UCEgdi0XIXXZ-qJOFPf4JSKw;part=replies%2Csnippet;videoId=eVIozKR9p50;channelId=UCCj956IF62FbT7Gouszaj9w;order=relevance;textFormat=html;,,
test_1jei7nmqdo8ki_youtubecommentThreadslist,false,null,true,youtube.commentThreads.list,/youtube/v3/commentThreads,GET,application/json,application/json,,,maxResults=2;allThreadsRelatedToChannelId=UCJ0uqCI0Vqr2Rrt1HseGirg;part=replies%2Csnippet;id=UgxTcmK3y_EbkhECsWZ4AaABAg;textFormat=plainText;,,
test_qy1o5oaumz3p_youtubecommentThreadslist,false,null,true,youtube.commentThreads.list,/youtube/v3/commentThreads,GET,application/json,application/json,,,allThreadsRelatedToChannelId=UClzCn8DxRSCuMFv_WfzkcrQ;part=replies;moderationStatus=likelySpam;videoId=TUJWx7vo44c;channelId=UClgRkhTL3_hImCAmdLfDE4g;,,
test_1jyagmliw6wdg_youtubecommentThreadslist,false,null,true,youtube.commentThreads.list,/youtube/v3/commentThreads,GET,application/json,application/json,,,maxResults=22;allThreadsRelatedToChannelId=UCYfdidRxbB8Qhf0Nx7ioOYw;part=id;channelId=UCvosUrZ7hXpzAyobhfztg4w;order=relevance;,,
test_rhtyxbodf1ia_youtubecommentThreadslist,false,null,true,youtube.commentThreads.list,/youtube/v3/commentThreads,GET,application/json,application/json,,,searchTerms=manly;maxResults=26;allThreadsRelatedToChannelId=UCJ0uqCI0Vqr2Rrt1HseGirg;part=snippet%2Cid;moderationStatus=heldForReview;videoId=eVIozKR9p50;id=UgzhMIgtuhjemzfoObp4AaABAg;order=orderUnspecified;textFormat=html;,,
test_1jeyvh6jdv8z8_youtubecommentThreadslist,false,null,true,youtube.commentThreads.list,/youtube/v3/commentThreads,GET,application/json,application/json,,,searchTerms=boorishly;maxResults=81;allThreadsRelatedToChannelId=UCYfdidRxbB8Qhf0Nx7ioOYw;part=snippet%2Cid%2Creplies;videoId=n8I-YVuaSR0;id=Ugw7orsAQ51p8dJD5Bx4AaABAg;channelId=UCCj956IF62FbT7Gouszaj9w;order=orderUnspecified;textFormat=plainText;,,
test_r1ak8aiqdnas_youtubecommentThreadslist,false,null,true,youtube.commentThreads.list,/youtube/v3/commentThreads,GET,application/json,application/json,,,allThreadsRelatedToChannelId=UCMtFAi84ehTSYSE9XoHefig;part=snippet%2Cid%2Creplies;moderationStatus=likelySpam;id=UgyYYGDYZhxKuiCkSSx4AaABAg;textFormat=html;,,
test_1hr84xv550yn7_youtubecommentThreadslist,false,null,true,youtube.commentThreads.list,/youtube/v3/commentThreads,GET,application/json,application/json,,,maxResults=89;allThreadsRelatedToChannelId=UCDwjiSF4qEb3aeT3ZLkPc_Q;part=replies;id=UgyR8TjvAmSACMJZyH14AaABAg;channelId=UCYfdidRxbB8Qhf0Nx7ioOYw;textFormat=html;,,
test_qdysutqhyhk2_youtubecommentThreadslist,false,null,true,youtube.commentThreads.list,/youtube/v3/commentThreads,GET,application/json,application/json,,,searchTerms=becomingly;allThreadsRelatedToChannelId=UCDwjiSF4qEb3aeT3ZLkPc_Q;part=snippet%2Creplies%2Cid;moderationStatus=rejected;videoId=yuD34tEpRFw;,,
test_1jxzd4wu6smzl_youtubecommentThreadslist,false,null,true,youtube.commentThreads.list,/youtube/v3/commentThreads,GET,application/json,application/json,,,maxResults=31;allThreadsRelatedToChannelId=UCCj956IF62FbT7Gouszaj9w;part=id;videoId=9bZkp7q19f0;id=Ugx0dK2I1wPHnQoLx6V4AaABAg;channelId=UC-9-kyTW8ZkZNDHQJ6FgpwQ;,,
test_skscgj2gq8fs_youtubecommentThreadslist,false,null,true,youtube.commentThreads.list,/youtube/v3/commentThreads,GET,application/json,application/json,,,searchTerms=obscenely;maxResults=24;part=id%2Csnippet;moderationStatus=likelySpam;videoId=9bZkp7q19f0;channelId=UCCj956IF62FbT7Gouszaj9w;order=relevance;textFormat=plainText;,,
test_1ib0xmr69hk55_youtubecommentThreadslist,false,null,true,youtube.commentThreads.list,/youtube/v3/commentThreads,GET,application/json,application/json,,,searchTerms=some;allThreadsRelatedToChannelId=UCCj956IF62FbT7Gouszaj9w;part=id;moderationStatus=heldForReview;id=Ugx1AZtPUKL7ZAxswUB4AaABAg;channelId=UClzCn8DxRSCuMFv_WfzkcrQ;order=orderUnspecified;textFormat=plainText;,,
test_qhl2nepqmss9_youtubecommentThreadslist,false,null,true,youtube.commentThreads.list,/youtube/v3/commentThreads,GET,application/json,application/json,,,maxResults=83;part=replies%2Cid%2Csnippet;,,
test_qdybbpr7xzz7_youtubecommentThreadslist,false,null,true,youtube.commentThreads.list,/youtube/v3/commentThreads,GET,application/json,application/json,,,maxResults=26;allThreadsRelatedToChannelId=UCMtFAi84ehTSYSE9XoHefig;part=id%2Csnippet%2Creplies;moderationStatus=heldForReview;id=Ugw7orsAQ51p8dJD5Bx4AaABAg;channelId=UCvosUrZ7hXpzAyobhfztg4w;order=orderUnspecified;textFormat=html;,,
test_skjz9gq9j6eu_youtubecommentThreadslist,false,null,true,youtube.commentThreads.list,/youtube/v3/commentThreads,GET,application/json,application/json,,,maxResults=76;allThreadsRelatedToChannelId=UCMtFAi84ehTSYSE9XoHefig;part=id;videoId=eVIozKR9p50;id=UgxTbR839IUuzmAe8XJ4AaABAg;,,
test_t8a4j2ak7rqu_youtubecommentThreadslist,false,null,true,youtube.commentThreads.list,/youtube/v3/commentThreads,GET,application/json,application/json,,,searchTerms=unabashedly;maxResults=62;part=id%2Creplies%2Csnippet;videoId=TUJWx7vo44c;,,
test_1hrdqd5khju45_youtubecommentThreadslist,false,null,true,youtube.commentThreads.list,/youtube/v3/commentThreads,GET,application/json,application/json,,,maxResults=41;allThreadsRelatedToChannelId=UCDwjiSF4qEb3aeT3ZLkPc_Q;part=id;moderationStatus=heldForReview;channelId=UCCj956IF62FbT7Gouszaj9w;textFormat=html;,,
test_1jeff3qona2pl_youtubecommentThreadslist,false,null,true,youtube.commentThreads.list,/youtube/v3/commentThreads,GET,application/json,application/json,,,allThreadsRelatedToChannelId=UC-9-kyTW8ZkZNDHQJ6FgpwQ;part=snippet;moderationStatus=published;videoId=7m-NPuXPBqM;order=time;,,
test_1hravuy0rj336_youtubecommentThreadslist,false,null,true,youtube.commentThreads.list,/youtube/v3/commentThreads,GET,application/json,application/json,,,searchTerms=solely;part=id;moderationStatus=heldForReview;videoId=9bZkp7q19f0;,,
test_1k22tued0t25y_youtubecommentThreadslist,false,null,true,youtube.commentThreads.list,/youtube/v3/commentThreads,GET,application/json,application/json,,,searchTerms=materially;part=snippet;videoId=eVIozKR9p50;order=relevance;textFormat=textFormatUnspecified;,,
test_1k25kdu0s3ghl_youtubecommentThreadslist,false,null,true,youtube.commentThreads.list,/youtube/v3/commentThreads,GET,application/json,application/json,,,maxResults=64;part=id;videoId=5kUu97Vkwj4;channelId=UClzCn8DxRSCuMFv_WfzkcrQ;,,
test_1iykjklqm0je9_youtubecommentThreadslist,false,null,true,youtube.commentThreads.list,/youtube/v3/commentThreads,GET,application/json,application/json,,,part=snippet%2Creplies;moderationStatus=heldForReview;videoId=yDgLFOxnQ8Y;order=relevance;,,
test_uruntqggz5tj_youtubecommentThreadslist,false,null,true,youtube.commentThreads.list,/youtube/v3/commentThreads,GET,application/json,application/json,,,searchTerms=fretfully;maxResults=91;allThreadsRelatedToChannelId=UClzCn8DxRSCuMFv_WfzkcrQ;part=replies%2Csnippet;moderationStatus=heldForReview;channelId=UClgRkhTL3_hImCAmdLfDE4g;textFormat=textFormatUnspecified;,,
test_s103koqztk53_youtubecommentThreadslist,false,null,true,youtube.commentThreads.list,/youtube/v3/commentThreads,GET,application/json,application/json,,,searchTerms=excellently;maxResults=65;part=replies;moderationStatus=published;textFormat=plainText;,,
test_t87epbp8zodx_youtubecommentThreadslist,false,null,true,youtube.commentThreads.list,/youtube/v3/commentThreads,GET,application/json,application/json,,,allThreadsRelatedToChannelId=UCCj956IF62FbT7Gouszaj9w;part=replies%2Csnippet%2Cid;videoId=5kUu97Vkwj4;channelId=UClgRkhTL3_hImCAmdLfDE4g;,,
test_1iv3rrob4ub79_youtubecommentThreadslist,false,null,true,youtube.commentThreads.list,/youtube/v3/commentThreads,GET,application/json,application/json,,,searchTerms=destructively;part=snippet%2Cid%2Creplies;moderationStatus=heldForReview;order=relevance;textFormat=plainText;,,
test_t4q6uw91ioo3_youtubecommentThreadslist,false,null,true,youtube.commentThreads.list,/youtube/v3/commentThreads,GET,application/json,application/json,,,searchTerms=tauntingly;part=id%2Csnippet;videoId=yDgLFOxnQ8Y;channelId=UC-9-kyTW8ZkZNDHQJ6FgpwQ;order=relevance;textFormat=plainText;,,
test_vbknz6kvqmhu_youtubecommentThreadslist,false,null,true,youtube.commentThreads.list,/youtube/v3/commentThreads,GET,application/json,application/json,,,searchTerms=erst;maxResults=42;allThreadsRelatedToChannelId=UCCj956IF62FbT7Gouszaj9w;part=snippet;id=UgxTbR839IUuzmAe8XJ4AaABAg;order=relevance;textFormat=html;,,
test_qhia61fhab8i_youtubecommentThreadslist,false,null,true,youtube.commentThreads.list,/youtube/v3/commentThreads,GET,application/json,application/json,,,part=replies%2Csnippet%2Cid;videoId=yuD34tEpRFw;id=UgxV04sD52Jtp3rdyPt4AaABAg;channelId=UCvosUrZ7hXpzAyobhfztg4w;,,
test_rhlm1lrbrazo_youtubecommentThreadslist,false,null,true,youtube.commentThreads.list,/youtube/v3/commentThreads,GET,application/json,application/json,,,maxResults=8;part=id;moderationStatus=rejected;videoId=yuD34tEpRFw;channelId=UCYfdidRxbB8Qhf0Nx7ioOYw;,,
test_vb3im492eogx_youtubecommentThreadslist,false,null,true,youtube.commentThreads.list,/youtube/v3/commentThreads,GET,application/json,application/json,,,allThreadsRelatedToChannelId=UCJ0uqCI0Vqr2Rrt1HseGirg;part=replies;channelId=UCYfdidRxbB8Qhf0Nx7ioOYw;textFormat=html;,,
test_urk31rjjh35k_youtubecommentThreadslist,false,null,true,youtube.commentThreads.list,/youtube/v3/commentThreads,GET,application/json,application/json,,,allThreadsRelatedToChannelId=UCDwjiSF4qEb3aeT3ZLkPc_Q;part=id;videoId=yDgLFOxnQ8Y;channelId=UC-9-kyTW8ZkZNDHQJ6FgpwQ;order=orderUnspecified;textFormat=textFormatUnspecified;,,
test_u87yhi73hrvo_youtubecommentThreadslist,false,null,true,youtube.commentThreads.list,/youtube/v3/commentThreads,GET,application/json,application/json,,,searchTerms=pizzicato;part=snippet%2Cid;videoId=7m-NPuXPBqM;id=UgyR8TjvAmSACMJZyH14AaABAg;textFormat=html;,,
test_1jyb0vxb7qmgp_youtubecommentThreadslist,false,null,true,youtube.commentThreads.list,/youtube/v3/commentThreads,GET,application/json,application/json,,,searchTerms=reasonably;maxResults=36;allThreadsRelatedToChannelId=UClgRkhTL3_hImCAmdLfDE4g;part=replies;moderationStatus=published;id=UgxTbR839IUuzmAe8XJ4AaABAg;textFormat=html;,,
test_qdyb01hx0pir_youtubecommentThreadslist,false,null,true,youtube.commentThreads.list,/youtube/v3/commentThreads,GET,application/json,application/json,,,searchTerms=cutely;allThreadsRelatedToChannelId=UCEgdi0XIXXZ-qJOFPf4JSKw;part=replies%2Cid%2Csnippet;videoId=n8I-YVuaSR0;textFormat=textFormatUnspecified;,,
test_sknaixlwe4vt_youtubecommentThreadslist,false,null,true,youtube.commentThreads.list,/youtube/v3/commentThreads,GET,application/json,application/json,,,maxResults=66;allThreadsRelatedToChannelId=UClzCn8DxRSCuMFv_WfzkcrQ;part=id;moderationStatus=published;,,
test_1hrj81cfsii49_youtubecommentThreadslist,false,null,true,youtube.commentThreads.list,/youtube/v3/commentThreads,GET,application/json,application/json,,,searchTerms=sardonically;part=replies%2Cid%2Csnippet;moderationStatus=likelySpam;order=relevance;,,
test_1ibkc4kmyhiye_youtubecommentThreadslist,false,null,true,youtube.commentThreads.list,/youtube/v3/commentThreads,GET,application/json,application/json,,,allThreadsRelatedToChannelId=UC-9-kyTW8ZkZNDHQJ6FgpwQ;part=id%2Creplies;videoId=yuD34tEpRFw;id=UgyyScM63hUgS_x7IXp4AaABAg;channelId=UCMtFAi84ehTSYSE9XoHefig;order=orderUnspecified;,,
test_t4voiv86i2jq_youtubecommentThreadslist,false,null,true,youtube.commentThreads.list,/youtube/v3/commentThreads,GET,application/json,application/json,,,searchTerms=sevenfold;maxResults=55;allThreadsRelatedToChannelId=UCYfdidRxbB8Qhf0Nx7ioOYw;part=snippet%2Cid;channelId=UCDwjiSF4qEb3aeT3ZLkPc_Q;textFormat=html;,,
test_1iyhrq55txmpg_youtubecommentThreadslist,false,null,true,youtube.commentThreads.list,/youtube/v3/commentThreads,GET,application/json,application/json,,,searchTerms=slavishly;maxResults=75;part=snippet;moderationStatus=published;videoId=9bZkp7q19f0;id=UgxTcmK3y_EbkhECsWZ4AaABAg;order=relevance;textFormat=textFormatUnspecified;,,
